Test Target,Test Prediction,Uncertainty
4.4,3.387138095238672,18.851122380950667
82.0,78.97957333335997,20.509043333359955
5.5,5.404096666666668,18.712343333734697
5.305,4.727256000000008,19.234255999920045
32.9,58.84060000000011,20.847400000000043
24.0,42.873200000000004,16.309759999999947
5.0,3.2940206666679965,18.87295466666803
20.6,44.0104,20.54628000000004
84.0,81.35620000000024,19.262134666664068
73.8,69.32471999999993,21.145266666640055
26.1,32.20520000000004,20.609799999999986
47.1,59.52789999999999,19.438117333333338
4.15,6.49966000000001,19.045399999999997
0.102,0.10845599999999966,18.878475866668037
31.0,27.652402857142853,20.569332380953718
17.0,16.944799999999983,18.19919999999998
17.0,15.867070000000004,19.425752999999972
7.5,5.190127400015997,19.406874066675936
22.0,19.013119999999994,18.581320000000048
75.0,63.36767999999996,19.16461333331997
6.43,6.548976000000008,18.848732000000123
7.0,12.837866104788002,20.08027690000065
1.655,1.5011733333359936,18.80988880040003
11.5,12.131100000000007,18.806298333331988
72.0,68.69250666695999,21.379740000160005
6.09,6.555559999999994,19.207478666679975
32.4,35.00138787883999,18.675535333360028
1.07,1.4209267047133316,18.796742872781348
3.6,5.004102000001324,19.125871857169198
15.0,11.103193333335991,18.762726666667923
19.5,8.569711333332,19.63902548573614
51.7,20.221320000000006,18.538906666640056
123.5,124.47139999999999,24.30375999999997
4.9,4.482248666671995,19.13477800001193
4.82,7.501344666663989,20.191136533335996
44.0,39.63360000000001,18.623439999999974
7.0,4.597343409524001,20.063516076191974
4.2,11.878009999999984,16.581573333333395
20.125,17.33219377784445,19.82723301590043
31.5,22.887800000000002,18.035723333279964
67.4,83.78319999999992,18.320573333359988
43.0,36.21,18.942200000000014
3.05,3.5512733333319972,19.311373333331982
3.256,3.586952666677332,18.895729333343965
1.98,2.314747466668008,18.86642346667066
73.0,73.56106666668003,19.485733333319935
1.34,2.8762487999999964,18.41444030741198
84.8,91.21741999999969,18.878280000000004
23.6,22.024100020583983,19.90142826670666
5.2,6.674437142880013,18.554569523840005
45.0,53.14205333335999,19.08625999999998
16.0,16.001026666666633,18.91098666666666
6.5,10.662413796784945,18.808332796796947
5.4,7.162114522413008,19.565251041359033
9.4,18.129829999879995,19.34441809511999
69.0,51.86447999999998,22.09056085714399
18.0,17.842559999960002,19.8234066668
2.295,3.103162666670664,18.95501066666398
6.28,5.240059999999998,18.948944761904016
15.1,14.29407999999999,19.03804999999998
2.6,3.4055025619040054,19.240937777577315
45.4,53.142466666680086,21.289002666680013
11.0,15.048030476279983,18.668271428439994
3.85,2.425326119049332,18.765276785713304
81.4,81.63640000000011,19.864781333200014
87.0,83.95066857143996,19.52471714283996
0.21,2.4219054285679986,18.9451619619041
6.18,5.220950666629337,18.550639809473495
7.0,6.8204,17.192000000000014
26.4,21.701635333316037,19.800081333228043
2.0,8.98102666668,18.89344000004
14.7,19.865223428492012,19.311981523872014
30.0,40.0778,18.22336000000002
1.95,4.734682666667995,19.462071619047975
65.0,56.036466666680035,21.96886666668
1.60125,1.8989906666640033,18.787949333335987
10.99,10.278253333370653,18.959319999986626
0.244,1.3793496969639991,18.71336668842398
16.04,17.650653333333373,19.153093333320022
37.9,50.105799999999974,18.64096000000002
15.0,7.771073285704005,18.896465352362664
72.025,75.06293571443986,18.79344571411987
113.0,103.18800000000003,21.35064
1.1,1.7837760000000005,18.944194000000007
87.0,48.20628333332,18.18444333331994
2.84,3.895879999998653,18.920303999998687
0.66,0.7016166699999989,18.91393608045599
4.92,4.5218799999999995,18.883036666680148
60.3,61.280000000000044,20.606920000000024
2.6475,4.434233705738008,18.63671104702465
1.8,1.5853839999880035,18.935516800072126
2.4,3.3062879999999986,18.89207200040003
3.28,3.1367579999959956,18.95247666667597
2.7,4.182826424243999,18.774855757571995
93.8,79.88869500000014,28.407366333332135
1.98,2.1437907999999943,18.90990653333202
85.0,81.84639999999997,19.65760000000006
8.733333333,7.024975999995984,19.870443999995924
35.9,44.78331999999998,21.05705333333333
6.0,5.5854619999999935,19.010532000000037
0.1,1.6417280000040015,18.821439619056008
93.8,71.1287799999999,18.63740666666662
79.0,72.30356000000002,20.212293333332013
30.3,26.52271282051996,18.662778153784046
23.0,15.241700000000002,19.707739999999994
3.56,3.2721800000000005,18.995226000000002
32.8,43.38500000000005,19.270600000000073
1.01,0.9551399999999962,18.875940000400032
1.062,1.6366633333346665,18.707138952378653
24.5,28.34730666644803,20.578059999971988
2.0,3.09970126666667,19.09166593333077
16.2,15.180853333400036,19.20425333328
7.4,10.00263833347998,19.175316190640018
34.85,42.05400000000004,18.533932000000014
11.5,12.127133333359986,18.992010000000107
17.6,19.165693333333298,18.64696000001334
32.2,21.768335428572,18.410655428572017
30.3,29.171413333360015,22.215873333340003
22.46,20.905780000000007,18.58019980953601
76.91,72.59244000000014,21.401076666666654
8.5,7.968594666668008,19.571582666679937
8.45,5.066798666628,19.356257733352148
7.0,21.998484020520014,19.009504020519987
2.4,3.288836820512,18.488727456411993
37.3,33.55264575756,17.73012333332
78.0,74.84984000000006,19.719986666666735
4.0,6.157214666666651,18.75931999999866
2.53,2.604364999995997,18.919294999995937
82.5,82.42489333332007,20.899797777760064
3.01,3.738156666668011,18.81417666666801
1.22,1.3755292307680014,18.89831133333199
1.79,3.328360800000003,20.04754813333466
1.72,3.494471333402665,18.90210133338265
0.46,3.009286666675995,17.69144169615464
61.0,27.189666666679965,19.753666666679997
3.933333333,5.468325948712001,19.13152461538203
0.85,1.6376266666679968,18.771479082352005
2.48,3.0001566666680075,18.819510666668
3.5,3.829974666683993,19.221731999991967
13.6,13.398622666679964,19.116694888916
1.9,1.6242106666959994,19.07375626664789
23.0,22.692611999999993,18.657676000000002
11.3,10.143047999999997,19.493652571399956
42.0,37.50759999999999,18.277000000000008
52.4,66.73415999999999,19.086880000000022
2.254,2.121429538416001,18.93748753844804
2.66,2.5273820000000007,18.973738000000004
0.80775,1.992794666639999,18.77373200001202
9.52,8.992354166667996,18.960495416668017
2.85,2.8380940952413316,18.891918761905323
60.0,66.8453199999999,20.456109999999974
45.9,48.0158,19.359379999999994
73.0,71.90306666672,20.900866666719992
4.213,4.262460000000001,18.925119999999996
7.75,10.121282666668003,19.455630000000003
12.5,12.320051111038646,19.11692488888002
24.6,21.711640000028,19.44288733336002
17.9,15.624026666679983,19.01556333333331
0.435,0.33317080000800003,18.925233733326657
21.9,21.469600000000003,19.61913333333201
0.7,0.7941725713960014,18.85367199998799
80.0,81.80390000000001,18.85416933328002
16.0,31.999399999999998,20.99221666668001
47.0,46.80299999999999,18.93823333331999
30.15,29.394900000000003,18.706916666666686
68.6,70.34263999999992,20.319334666664005
2.4,4.06046794871867,19.030104380949723
12.45,15.61829599999997,18.61505599999998
34.0,32.513919999999935,20.254220000000004
26.4,21.316800000079986,18.786513333360002
12.0,10.57579999999996,19.130659999999985
17.75,18.51745333333331,18.866291111093275
4.817058824,8.31346,19.471752952380964
35.0,30.892662132755785,19.01882698135577
10.0,12.531917333331995,19.104621333425364
77.9,76.13901999999999,18.940399999999954
44.2,57.23020000000008,19.24403999999994
1.7225,1.5239820000000013,18.854340000000033
16.3,15.96801200001334,18.89588600001334
3.61,3.367260000016002,19.091210533348004
2.1,3.2622000000000027,18.548003333330662
4.56,13.663533333359998,19.41596533336002
10.35,8.33027115035267,19.62180848367133
13.7,12.65725999999998,19.30791111114467
1.39,2.6464466667079987,18.941369733323988
21.0,18.72460000103999,20.205946666359974
6.0,5.87822841270667,19.40549000109865
2.65,4.442579999999984,19.12116000000002
86.0,83.49252000000003,22.90303333333199
2.32,0.49151979000400026,19.07121573665465
1.13,1.4153493333319997,18.89450266666527
19.8,18.282409523822867,18.863630857105534
2.4,2.6851233332800044,18.776318222223924
40.0,38.334199999999996,20.31533333331999
0.95,3.5403060000000037,19.249507333332023
5.21,7.192718190477335,19.010298190476007
9.41,10.086426666679989,19.236306666680086
1.63,2.8194094666680014,19.521838133330828
88.5,86.58588000000005,18.955240000000018
0.1,1.4411503999999977,18.865964
10.7,9.564186666651995,18.90862666666794
29.5,22.60537333332001,18.76532666668391
28.0,28.91173333333338,19.438133333333404
87.0,83.78359999999998,19.79528000000004
24.2,17.69046666677201,19.166620000000016
93.0,86.32616000004005,19.941079999999985
42.05,68.95539999999986,18.005999999999915
72.9,81.18507999999991,20.86639999999997
91.9,77.83619999999993,20.425859999999858
60.0,64.22713333331997,20.04269666664002
10.5,10.611334133332006,19.102274133329328
4.1,13.36537809504004,19.10050761908004
53.0,60.77450000011999,17.476173333319977
3.02,2.1334494444413314,18.952630111110658
1.95,3.2826299999999984,18.9060533333321
20.2,16.27833015555002,19.949625888884682
10.0,14.360358095238672,19.259227428570682
16.8,15.543893333333328,19.011840000000007
4.95,5.420592936050665,18.982209190071313
2.46,2.9220819999999987,18.93115466665208
35.9,32.14319999999996,18.670719999999978
7.36625,10.074331111038664,18.550776942305234
0.429,0.7179582857039998,18.878705428568036
89.0,75.7228,17.584800000000016
6.01,9.198042666679992,17.344264380804113
30.1,26.723850000000024,19.83528038093734
16.0,40.222,19.39715733333334
5.83,5.790241333332008,19.27593333332666
4.216666667,5.502421333343997,19.157436666681992
14.0,23.574400000000008,17.439830000000065
3.13,14.379846666612032,17.386126666651997
20.0,21.770200000000003,18.18695999999997
1.88,4.223753333333997,19.721513333250037
10.0,6.163227111118794,18.845840733337464
4.13,2.635386380946378,18.95057415873306
5.936666667,5.122468799995998,18.95072346665065
2.493333333,2.9426482222091987,19.033325080336468
3.82,3.865696933332002,18.99227159992005
1.58,2.3149942222226687,18.751952118726702
59.4,60.997701333280055,17.888519999959946
8.0,22.040119999999998,17.55874666668
4.4,3.3023903333359916,18.865698333336002
3.9,2.894307688941998,18.828881022210016
6.8,6.844275999999994,18.97982133333213
0.92,3.6398866666719996,18.495744779483964
18.0,61.35280000000001,20.311536466652008
2.28,3.5110120000026592,19.02886761905066
7.181,6.259128290907993,19.001764351384047
3.3,3.2480899999986588,18.98299799999866
18.0,55.78959999999999,21.07036
13.9,18.28246333343999,17.212673333439984
4.1,7.84111999998399,19.040469640811985
46.0,53.70040000000001,18.346460000000008
17.9,19.507813333333342,19.213407999866707
7.2,9.1227,18.334619999999994
3.77,6.179134571427988,19.083785238091945
2.3,4.611937485719999,18.95025831796399
72.6,74.44569000000004,19.49556000000002
72.5,76.69176000000002,18.809960000000032
16.4,16.314986666666723,18.947946666666763
92.45,88.98476000000012,19.699880000000164
1.71,1.827649333303994,18.857007999972126
30.5,26.459600000000005,19.38684000000002
5.75,5.10356971428,18.790120380960015
33.0,31.59793599999999,20.304083999999957
0.088,1.6738375555520015,18.95463174642803
4.46,5.300359999999994,18.773318666664043
7.4,11.119913290043296,19.16392662337529
46.0,48.171433333760014,20.123556068359925
1.34,2.0531790000000028,18.235686523845697
9.6,9.746957714285712,19.38159771428571
5.05,4.994682000000015,18.939679333333714
35.0,36.94379999999993,19.462739999999847
83.0,80.35320000000002,21.308699999999995
87.9,85.96399999999988,22.5886
22.0,44.123599999999946,18.290480000000017
119.0,95.4316,25.24446000000006
2.3,2.635386380946378,18.95057415873306
7.46,11.140730000012015,18.372626666676
16.2,16.71642731111111,19.34658136824066
20.0,26.09499999996,19.276427692439995
7.96,8.818031428572018,19.727963333333335
7.34,7.1930346666799805,19.061062666679998
0.91,0.7695039999999982,18.869586952382658
49.0,56.02226666666666,22.37831999999998
3.6,5.731910000013332,19.703914666629327
28.6,24.68326666668005,20.087933333360027
0.9,2.8539133333280002,19.212427333283998
9.25,5.27601213333199,19.67601313161596
78.0,74.32173333336002,18.006086666679955
12.9,12.088959999999995,18.649255000000004
1.0,12.729926666667986,18.3295066666679
4.2,6.665251911109334,19.884676238087327
26.8,24.26687999999999,20.217906666666657
74.0,46.305599999999984,18.85816000000004
11.93,8.220250333331999,19.074300666681346
1.25,1.5676959999999986,18.847816
1.807,1.8590079999999938,18.879222000000027
0.557,0.5431686666680009,18.884405333320036
14.3,38.48679999999991,17.595640000000003
5.75,5.111982666663989,19.116538666664013
5.6,5.019739113416345,19.46881770660297
17.3,15.768099999999999,18.563373333319976
0.15,3.878822095239991,16.778983761908
2.84,3.2763966666600024,18.73235333332801
18.0,20.34652552381599,20.343871618987997
2.91,2.857410000001995,19.044178666674004
30.0,35.02519999999997,19.533094666615998
38.3,52.53979999999996,20.171946666519936
11.0,11.036233333319979,18.969967142879966
3.3,9.670446666719995,18.38122
52.8,45.233599999999946,19.21089466661598
4.05,4.5841586666693335,19.100563778153372
52.6,36.568366666679914,20.75305666668004
19.45,18.318006666666612,18.81570142866479
90.95,85.97619999999993,18.661599999999865
90.65,85.98712666668004,19.12462333320005
52.0,60.7796,19.931466666653357
3.935,4.074556000000014,18.96410200000001
9.22,7.696161166663999,18.71372515565096
26.95,26.911839999999987,19.756820000000015
97.0,84.52212000000009,18.673560000000137
4.9,5.802478666652013,18.357676641794654
25.3,29.237360000000034,18.62174000000001
27.1,26.019000000000013,19.07086666666664
84.0,83.07471000000007,21.045860000000104
0.0466,0.04592786666799995,18.878046800000032
12.15,27.145015452384005,22.11578026198396
11.673,12.388833333319987,18.89104199992397
6.82,7.023473777768663,19.413873777768607
1.66,1.632186399996002,18.861428866672036
10.0,6.311626666640001,18.798552777762
91.5,88.52918000000001,18.692760000000007
91.5,62.41541999999998,17.221183333346637
89.5125,90.08689333332015,19.10673333332018
16.6,7.255151999999993,20.170983999999873
3.22,3.432368000000002,18.921120666680146
3.9475,4.088247903610675,18.777583003187758
2.0,9.393096730189738,18.61840711116704
13.5,12.190984000019998,19.043512000020005
4.05,4.377830588256006,19.224564491976
40.0,19.850362857169547,17.850808571443245
12.5,12.268283555558671,19.10748222223547
7.02,6.368959999999998,18.67477999999997
13.7,13.190339999999996,19.063448000040005
16.0,18.25271333333334,20.003306666666692
2.25,1.9296662666633322,18.739689999999367
14.5,14.399050000000019,18.831125
1.88,1.065010000000001,18.73711000040003
8.0,13.171313333319997,18.41841333336
0.55,1.2661080000160032,18.856501999966657
1.5,2.1368570000000005,18.96208600040003
0.32,0.4176880000000004,18.871698464999998
88.91,82.75340000000003,20.396076666559978
6.6,11.5444646666,19.14936199980007
0.473,1.2327215555559992,19.081210222236145
3.463333333,9.838942856720031,18.741855237840003
91.0,85.46649333332003,20.091719999960162
43.1,37.66334133331996,18.595426666839977
88.7,77.68280000000004,19.98405806666665
11.92,10.638483999999991,18.039217333319996
2.3,5.6365943999999955,19.230297066667983
17.7,16.07696666668001,18.84733666667997
31.0,32.86119999999997,17.92682
6.32,4.847629999999987,18.737233333331993
56.8,64.55800000103991,19.776056666719974
1.2,1.3668940853106664,18.95122248530796
15.5,13.74085999792003,18.939672380715937
33.0,29.66979999999999,19.115391111079987
36.6,39.131304000000064,19.51205333332003
16.0,18.58985714286001,18.458222857010696
32.6,39.019000000000034,18.793919999999982
29.9,26.381095238160018,19.48755492096004
3.6,5.359135333340002,19.013205333345336
23.5,22.262559999999997,18.47862000003999
8.56,5.870015999999991,18.925802666666662
27.0,24.817599999999995,19.62624
8.0,46.32596,22.53419024216001
34.0,32.64919523809469,19.104021904747995
1.5,3.623188820515993,18.525030820516005
5.2,2.922013666664001,18.95244151111066
6.76,6.690889999999983,18.738480476226638
1.67,4.509306933326661,19.039011333334656
19.8,15.91759333333333,19.44454000000014
55.0,46.61120000000002,20.803300000000117
23.6,19.586319999999972,18.938306666679935
20.75,17.24863999999999,16.04224000000002
50.0,37.2372,17.411707692479993
1.76,4.235795333340001,18.895800300370812
6.2,5.9796333333359994,18.93521200001601
65.0,40.65605333333335,18.097782476173318
11.8,11.526360000000004,18.94296516668102
1.98,2.238426666667994,18.544709999987976
82.0,48.38920000000002,21.276546666680016
9.25,7.873015560169336,19.623460893501324
11.0,22.97585999999995,18.288529999999962
0.0672,0.056783200000000124,18.877625600000037
0.655,0.944613200000002,18.742755599996002
2.65,6.624203282038664,19.45212459705467
81.5,78.06796,19.43591733333333
24.5,18.207429075630394,20.567069824309726
25.0,27.00906666663998,17.226626666640005
2.775,3.5538253333480037,19.128437555573342
41.3,60.78560000000003,19.262779999999978
100.0,94.57279999999999,21.04390571427369
3.325,3.91322666666799,19.15257599999601
2.92,6.042979333342662,18.48068999998266
1.186666667,2.196257600000004,18.689217599999957
3.67,4.010538666669332,18.957628666662657
29.0,22.15253333336002,18.99665333324002
47.6,65.56246,19.472099999999926
4.2,4.142049999999996,18.612692000000038
2.15,2.3264960000000046,18.862994666680002
6.54,5.6067400000000145,18.989420000000003
3.04,2.8309800000000056,18.907303999999996
2.5,4.398847333323999,18.369371142851996
14.75,16.621399999999973,19.71235800000005
110.0,76.9735,31.15064200001202
3.04,2.9819333333320066,18.977893333332
111.5,92.94273333331999,21.39986666663998
90.0,100.5503266668,24.342126666800027
2.4625,3.683939066724003,19.127839400048003
0.2,0.26836400000000055,18.724171999986652
0.67,2.318026571416002,18.982110285704003
2.78,3.8450680952373335,19.052485809525333
16.0,17.315622666666687,18.911206000026663
24.2,20.08352666666796,20.00075333333198
4.86,5.842925758251994,18.99181345060399
4.0,5.356686952383997,19.138757619051987
2.065,2.4147673333413353,18.653523866674792
29.0,21.487299999999976,20.789399999999972
2.1,1.642219469164,18.906647331456018
35.0,79.34891999999998,20.88205999999996
0.9,2.2714867039013336,18.520569665796
79.9,71.36598000000002,16.89927142857202
59.4,57.43313333332017,18.48939466590671
55.0,60.368039999999965,19.64128266667997
9.9,8.95728999999999,18.962010000000006
0.345,0.3883183636319982,18.81172772728
11.0225,7.325876337645347,19.278003004313298
0.021,1.7131855349999978,18.926358383516032
23.3,38.280680000000025,21.132331666680027
12.0,11.950328000000004,18.800367999999928
42.2,53.74566666668001,19.351040000000054
47.3,65.43959999999993,15.572239999999972
0.155,2.198461466666664,18.868899244442662
6.5,6.078859999984008,18.80020266664801
48.6,60.63232999999994,21.330869999999912
2.3,2.3006382095217184,19.061411409440424
4.3,3.8650803333466595,18.65286113334799
9.39,4.422498049279995,19.74713458256396
2.61,3.537334285767196,19.02678628571922
2.3,2.9107644848666636,18.885768384859894
4.06,3.9899226666679968,18.934074666651952
60.0,46.69400000000007,19.134400000000042
0.052,0.1308694949239999,18.876363348347997
0.048,2.7157879111133316,19.525087777790677
3.6,3.7223413334119937,18.852807999979916
7.316,4.541819999999997,19.324536319048043
21.0,33.23595999999999,15.819679999999963
1.76,1.8211013333239934,18.875890666696
0.53,1.0807902933333315,18.771692887247983
7.035,6.864555999999992,18.977736000000093
32.5,27.206340000080008,19.773279047684
29.6,28.283433333332084,20.13919000001201
12.1,14.035819999999998,19.26192000000001
70.6,72.72872000000011,18.871473333331963
0.71,1.5315499999999982,18.738877727284002
30.4,24.027726666651997,18.933233333319972
88.4,88.02004,19.37334666676
1.85,3.0348222857159994,18.578744285715974
1.2,2.0052525870120013,18.927490206063975
2.11,2.7490800000000037,18.828506666679992
2.95,3.4303599999999888,18.69436399999999
1.895,9.17588000015999,18.250373332799995
1.1,2.692565999998669,18.928484666638667
43.5,54.1583257142857,20.766112380952357
3.87,4.96846,18.58480588235197
30.0,30.09806666664007,19.368359999999967
2.2,4.105229999996005,18.770216666684
78.0,77.57699999999996,20.845660000000038
2.05,1.9229480000000012,18.909603999999998
30.1,24.417900000000007,18.933233333320004
84.0,76.6674,19.661020000000015
3.1,3.302910000000004,18.96089054903201
77.7,51.78139999999999,21.807199999999938
0.501,0.5177941400040009,18.794042943808144
21.75,18.917286266680033,19.447726266680018
1.96,2.192892000004007,18.871217333331984
6.0,10.525829523153137,19.147909523153167
31.0,50.40613333335999,19.504533333360037
86.5,86.06650000000002,19.29488666668
76.4,86.62886666672001,24.45398666672004
2.69,2.6622619998279955,18.897517333332033
31.5,28.778190477920074,19.76211714316004
103.0,63.7068,19.20162000000009
18.7,15.67468799998665,19.182306095212653
6.4,9.659863333334675,19.070780000001317
28.0,48.245999999999995,16.914600000000014
1.67,2.8523200000000006,19.001153333335992
8.888,8.155778928096675,19.141170928112746
55.3,64.05056666667996,14.976627790464022
30.0,32.89731999999998,20.011759142839967
29.4,55.34239999999994,17.424199999999978
62.0,49.3656,24.912633333360134
55.0,61.82810666668006,19.425189999999958
14.2,19.119239999999994,18.79350666799999
20.0,19.740620000000003,19.07220000001331
42.0,44.3128,18.074357142857153
0.87,1.0242400000000016,18.77933666666803
0.084,0.21625599999999937,18.94472399999999
78.0,66.9288,19.76360000000001
1.27,2.193367999999999,18.755204666668078
65.7,64.13600000000001,17.90143999999998
13.5,14.148263333336004,19.103796666663996
5.35,5.711013200000011,18.89106120040004
0.07,2.6821811999999863,17.296522000000028
31.7,22.929344761931997,18.499116095292027
0.158,2.7239533333319987,18.82597077330398
6.1,5.55754194871867,19.060982615373344
0.35,0.9206973333320008,18.73790733333199
90.0,80.50248,21.240400000039934
4.5,4.096693999996003,18.977494952379892
29.3,30.063599999999965,19.21664000000001
3.5,2.554744199128002,18.791274748148005
13.3,14.675546666639962,18.394426666639994
24.9,27.060719999999996,19.482559999999992
1.33,2.3820199999999927,18.842649333332034
13.3,13.653279999999999,18.658597333333326
2.0,4.342080000000006,18.98731999999998
74.4,69.43288666680002,23.33327999999996
9.0,8.801224762089701,18.856624761649663
79.5,78.54146666812007,19.59465333316001
41.9,38.715758095238066,17.944794761904774
65.0,79.79119000000003,19.216000000000015
62.1,78.41928000000007,19.223720000000036
25.0,37.0228,19.28736
2.7,2.905766666667997,18.705696000011994
41.0,42.144600000000004,19.26338285708001
2.39,2.5173457142839966,18.901082000000034
111.0,107.67252000000003,26.335639999999913
19.0,20.771459999999994,18.544796666691983
85.0,82.00319999999999,19.33137000000002
28.6,52.50029999999993,18.99956000000008
0.0423,0.31221653340000194,19.110359733307998
3.43,5.078506800003998,19.238320533204046
0.25,4.070173333319997,18.845948666651996
24.1,16.500466666719976,19.720493333280007
6.38,5.275068000027196,19.035731333351222
36.6,34.48781666668002,19.444241333202683
5.3,20.923913333336,19.49079933334802
2.44,2.3842890476579983,18.642395047625982
86.8,77.57973333332,20.36767333335991
75.0,75.9218,19.85106666671995
2.65,2.843010000000005,18.75678599999599
4.4,5.615670244890873,18.77830529250993
3.5,21.491459999999957,20.968613333332005
58.0,71.16760000000001,22.09981666667995
0.88,3.879742400032,19.16945026668402
1.9,19.97778790475198,17.163233999896
1.8,1.2524298733319994,18.881376939999992
6.06,5.352260000000003,19.034220000000012
68.8,72.93824000011995,18.00283380958662
38.0,30.801500000000008,19.92438000000007
8.35,9.272749113428022,19.23563871413601
20.0,19.678000000000054,19.03918222222228
4.75,4.707209142856004,18.925009142868003
87.0,61.667999999999985,17.88297333331999
43.6,40.14956,21.62434000000004
88.0,77.26451999999998,20.24117142896001
2.425,3.4306357069600035,19.024047421230662
19.5,15.92231666668001,19.08074666667995
2.75,5.748227433454327,18.905329484738328
2.87,3.056788666668004,18.831643333335936
92.05,79.53039999999997,22.463615999999973
9.0,4.53390346669467,19.275412235906792
18.0,15.719479999959988,18.898942857159987
1.45,1.5261199999920014,18.860323999991994
10.5,11.681239999999999,17.74297333333334
28.0,29.427999999999997,17.62988000000003
46.0,43.009400000000014,17.547259427991992
11.8,11.913100000000018,18.88826733332001
1.4,3.9485185599913333,19.24313553981733
5.11,7.466942666680014,19.784642227110666
66.0,76.76223999999999,17.383110000000002
8.72,7.879774666679988,19.564043499999986
17.7,10.171013999999998,18.915569575795914
3.94,3.950639999996002,18.794896666667988
9.0,6.951773333335999,19.079893575760014
8.2,10.073119999999998,17.447897142855997
33.0,30.22001333331999,21.272513333320013
17.78333333,15.233156666666696,18.832620000000084
2.58,3.22547000000133,18.870890000401364
7.4,9.679599999999981,18.76844000000001
31.0,28.493542857239976,20.007338094719987
3.8,6.2554846666666695,19.089406512685372
17.2,15.647,18.655786666652034
38.0,37.161733333319994,19.865826666679965
5.0,34.50425342860402,18.479544380936016
13.9,12.169059999895318,18.888166666575323
80.0,77.68273333335982,20.13198666668002
3.0,2.923603333331995,18.802573999996
42.0,31.888039999999926,20.399919999999995
86.1,88.32497999999973,20.924248666719905
4.49,1.595259999999995,18.856051999999995
55.0,45.86856,17.81019999999998
4.92,5.0060204,18.60412106668
70.0,86.25022000000007,19.06354000000016
28.5,27.77016000000006,19.434060000000027
10.0,10.948044999999993,18.902702000000033
14.2,12.368500000000004,18.86944999999999
82.0,77.47378000000002,18.16002666668001
21.0,27.01440000000001,19.06835999999996
11.0,9.018599999983985,19.125660666663997
1.6,1.4105699999999988,18.872030000000002
35.5,29.54591999999999,20.830143333279963
81.2,81.3967466666798,19.236103333346648
0.16,1.3468659999999966,18.95637499999998
2.742333333,2.7742740000013306,18.978259333334666
1.7,4.336623333284004,19.011562000007977
108.0,87.22612000000004,25.59393333331999
19.2,18.68137333333337,18.993066666666788
66.0,60.11378095238095,19.801014285714274
109.0,44.527734756304,30.87817951819205
13.5,15.124,17.623837333320076
109.0,99.2248,19.229039999999955
1.9,3.9618616392870023,18.739532664497002
10.1,9.34480900000001,19.220234833336
17.75,16.925053333320033,19.268786666679972
2.71,2.5750579999959986,18.874641333328007
3.6,3.085696666663998,18.77978133333332
3.0,1.4797363333319995,18.879359000000097
78.0,74.59185333333329,19.36287333333334
6.0,5.616300499993994,19.378113745414954
70.0,79.6184,20.061439999986646
27.9,26.14925999999995,19.292719999999978
13.7,9.655877618999991,18.618144285600003
20.4,18.805379999999932,19.540799999999983
66.0,76.1144,19.933199999999992
81.5,82.40011999999992,18.35940999999984
57.0,70.92765333335998,18.579586666679972
80.0,78.10008,19.64635428563595
53.9,59.50262666668,21.323400000000007
4.83,6.430148000000018,18.857908000000005
65.0,65.32712666663998,19.468200000000017
21.0,17.915200000000002,18.219123333560002
4.24,4.842500000011997,18.96277666664799
7.6,6.832771333334668,18.917747333332002
71.5,57.706600000000016,17.956839999999993
16.2,12.082640000000005,19.139639999999886
6.91125,6.562695880976004,19.013073694180026
4.75,3.4880237777753353,19.103205777787316
5.8,6.6552533333333255,18.952293333733365
28.16666667,28.998977142839966,19.60018380949464
90.36,88.96549999999999,19.162079999999918
9.7,8.275289999999984,18.925228066666655
59.2,68.58882666667998,19.130226666679945
0.125,0.11305086667199957,18.908392066652034
18.2,17.425588000001355,19.66378515151869
134.7,132.7144000000004,21.049305714273743
4.3,3.581959999999997,18.83178000040003
3.7,10.320173333360007,18.35142000000002
19.0,18.553080000000033,18.930922666680004
28.0,36.43553333332002,20.44800000008007
1.97,1.3936279999999972,18.825906285716
2.9,2.4629080000000005,18.997447333331976
7.833333333,11.277532380040036,18.824724761760017
62.0,65.11943999999998,21.95363999999997
1.96,2.519373333331991,18.909819999998682
1.36,2.180246666660005,18.89760022221733
56.0,48.05495999999997,19.07814000000002
6.39,6.130833333332012,18.865761857127985
7.85,7.556199999999962,19.041258666680015
4.25,7.7634517142839865,18.978947047620032
5.46,5.806780000000012,18.884879999999995
5.96,5.010713333332008,18.6542552381034
90.0,83.32676000000004,19.69932000000003
36.0,23.669613333320015,20.23035999998803
2.53,2.509826666666658,18.897048666666702
9.4,6.691323333347994,19.148849333360022
4.6,5.519100000004006,19.218800000008002
4.7,7.8519180000000075,18.778798000000013
28.0,16.90929619052666,20.879608152293322
70.0,64.6896,22.159694666664045
1.75,3.337197986144,18.755127986143997
79.6,79.93912000000014,19.570200000000014
23.5,19.888800000000007,19.172983809590672
26.3,30.19006000000134,19.914240000001357
5.08,3.179258428575994,18.278394762312033
3.11,4.308531466667998,18.74756346666801
2.016666667,1.2949549999999996,18.194854285719995
3.5,3.7948896190479973,18.91921952367604
0.385,0.49757719999999916,18.795922533332014
0.29,0.25306019999999996,18.884506998332018
11.0,15.566615333335989,18.37293533333601
80.0,70.6456,20.109661333200066
1.17,7.509447272727994,18.783977272725302
4.1,4.15632222222133,18.8824016161626
18.1,14.211863333319986,18.253437333320004
9.715,10.068100000000001,18.468563047590674
39.0,44.74139999999999,20.053599999999996
4.3,6.441549999998665,19.037101111109784
2.63,3.3594001333440002,18.79461213332401
86.3,76.21402666667989,20.190866666679952
31.3,32.13802666666796,19.39072666666798
48.3,55.88880000000016,20.19504000000014
80.9,64.33020000000015,19.37772000000018
23.8,22.70889333428005,19.387553333360025
20.6,23.250197142839983,19.640042857159994
13.5,14.193519999999992,19.00254809526096
28.5,33.06159999999999,19.44537999991998
18.3,15.128532666666668,19.34204694545467
14.17727273,8.756824547432002,18.993889414119973
3.78,3.3249860888879974,18.982939422220095
73.7,79.30644666668012,19.17405333328012
3.07,3.248456800000007,18.807526666667997
0.127,0.15021486666799977,18.860772666668037
66.0,76.89244666676014,18.855231111640094
29.2,27.114299428571996,20.194469428572003
7.7,6.733280000008002,18.980580000004007
47.25,53.084399999999945,19.067650000000015
7.2,4.726999333329335,18.643582927277304
69.0,49.994976666668,29.514211333344015
4.2,4.275027523834191,18.992353584442196
117.6,92.35839999999997,24.550000000000054
0.519,0.5263040000000021,18.875456
1.05,1.5888826666920013,18.810093999990656
3.0,5.5305926984106835,18.892703555558708
2.3,3.173052000000002,18.92589377777867
71.0,64.64381999999996,19.81698
1.8,1.628477333316002,18.952789333315994
33.0,17.713946666759984,18.350830000093314
26.5,18.2476,17.919502857799948
2.23,3.473524666647999,18.820894533339995
81.0,28.13360000000002,20.1176
3.6835,5.265544666668004,19.093567714284006
84.6,74.259,21.593246666519924
0.175,2.870760952383994,18.28041419999997
72.5,68.35580000000004,19.198746666680044
3.5,3.336667333332009,18.634839999998693
84.5,79.09139999999975,24.0333666664798
1.8,6.7162409956720035,18.65044457142536
2.85,2.67342919999999,18.890793199999994
11.2,10.036786666671984,19.30202666667199
2.71,4.173720000000008,18.893159999999973
35.5,30.056400000000036,20.050659999999986
10.0,9.278180000000006,18.60980666668
6.5,8.259620000000014,19.466060000000027
93.0,93.05569999999994,19.47819333331995
94.8,54.664562666680034,18.22954266667994
0.91,2.6972039999999975,18.79680959992004
16.88888889,17.83610399999997,18.964777333720033
16.5,15.67150476190801,19.094582974079987
80.0,67.4496000000001,19.130200000000016
72.85,79.84646857144004,19.509608571840054
2.22,2.4850720000000046,18.579816666651983
45.8,46.542799999999936,20.402279999999998
1.45,2.197492000000005,18.6299873325733
11.63333333,10.722659999999971,19.07123999999994
15.0,14.881380000279986,18.511523333600007
15.94,15.320828571428532,19.538988571428582
13.65,12.553455238095234,19.278691904760564
29.65,25.933302857143946,20.663991390484014
92.5,95.8112,17.422800000000038
1.85,2.9369235714306656,19.012024523822678
12.7,12.311540416651997,19.220275416690658
38.7,23.19098666668002,19.24596666668001
25.0,25.355600000000003,17.962532000000028
6.5,3.3437614667040023,19.220550952416005
34.8,32.55253333333332,19.607453333333346
30.0,34.5488,15.62089999999997
73.0,66.24460000000003,20.28513333332002
26.0,21.852960000000007,19.518057619043994
1.39,1.5116559999999954,18.72624000000399
4.835,6.717839999999997,19.337520000096035
4.5,4.733765333323997,18.728845333323967
1.723,2.0073399999079946,18.91573066654004
6.44,5.746993333332013,19.203598666516044
2.73,3.6198200000000056,18.522003866663965
2.62,2.6181986666679946,18.798193333331973
44.0,50.31875999999999,19.27246000000006
4.17,3.933519999999995,18.95609933333337
107.0,109.06029999999998,19.060819999999964
3.8,15.928599444462677,21.665063506002674
4.87,5.638148000038666,18.846485819059993
8.68,8.185973333340007,19.132013333335927
9.18,9.496526666679996,18.732016952408678
11.84,7.762224800028001,19.858724800040015
56.7,49.15639999999999,19.14039999999997
89.0,85.83093714287999,20.90565714288003
36.3,44.439999999999934,21.156559999999978
0.48,0.526004000000002,18.875823999999994
0.99,12.752290222208002,18.806710888871997
4.06,3.4727799999999927,18.906729999999996
1.83,3.0708346666680058,18.972337485727998
4.0,20.73109333331998,18.97495333332002
102.0,83.19079999999998,19.902759999999972
28.1,28.646799999999995,18.303773333360027
2.28,2.282659999999992,18.75399733320138
86.0,81.29594666667997,19.19822666663994
0.064,0.2032839999999998,18.79062266665865
37.8,36.64110000008012,18.888086666680003
16.0,22.699454545439995,20.208664704169294
2.1,3.561957333339997,19.104322000007997
91.0,79.76276,18.63495999997204
3.895428571,3.2424307889040027,18.762316714828003
36.0,35.92220000000003,19.27623999999996
43.1,45.193600000000025,19.26719999999998
13.6,13.32034400019996,19.164738000200003
14.5,14.703266666666682,19.098707999866704
12.0,12.048786666680025,19.208720000000042
1.79,1.9265920000000025,18.881742666667993
26.7,25.077320000000046,18.56337333336004
20.0,28.510185333291993,18.93068666665199
30.82,29.949186666599985,18.81476000000001
15.0,20.126399999999972,18.09599999999999
7.6,6.698859999999992,19.026818066666653
27.3,23.993542857199962,18.91333809512002
10.0,10.743793333332,18.989833333332005
13.0,10.918212666530003,18.90752885714857
11.8,12.060369999999988,18.752169999999992
52.0,56.056799999999996,18.737120000000004
34.0,24.486599999999957,17.7574
10.45,10.571359999999972,18.926779999999965
7.575,2.878504982972004,18.910634094112034
5.9,5.820297999996003,18.679395054875947
4.21,3.1862746666640005,19.153644666680147
3.92,4.315397333348001,19.161335523684038
8.6,2.266168666675999,18.587475934214087
14.3,12.783320000000014,18.408713333344103
6.41,12.325630476190485,19.097043809525253
28.5,28.910761905520005,19.146514285800006
16.0,24.451600000000003,20.377590333338006
74.0,58.12131999999994,19.47856
81.35,64.3986,19.25819999999996
30.0,34.30100000008006,19.154053333240007
12.3,8.42448000000001,18.813203333279965
87.4,85.46108000000018,19.296189142839964
5.97,5.742748625821598,18.83433053056958
92.0,96.63879999999992,20.672720000000126
5.8,4.495458095238659,19.093014761901323
1.0,2.642273333331997,18.702313333331965
8.5,6.952626666668002,18.980366666664093
69.7,65.92277333335991,18.172820000026704
80.0,74.8052,19.580866666679988
34.0,36.03799999999999,17.735342857799964
1.746666667,2.986021904756,18.69013489523998
25.0,41.64704000000003,21.522853333320057
13.2,12.442559999999961,19.639515833333242
12.3,13.967110476040052,20.0089684762267
0.256,2.443710495226664,19.19617436177204
65.0,68.49768,22.508316190440055
1.38,1.668038000001335,18.98910066666527
5.4,5.320819999999986,18.915566666760036
1.79,4.221860666666664,18.879144192303993
19.0,22.447469333319997,19.254581333320004
91.1,86.03539999999995,23.394680000000022
6.725714286,4.241479748577604,18.421750843813587
30.4,29.262552383800095,19.242104761679972
9.97,10.39683785716,18.621615000000006
5.12,4.770344333333338,19.05306500000001
83.0,12.413742000013338,20.67380297777199
9.0,19.352180000000047,19.20558000000002
115.0,95.40939999999999,20.749233333346737
1.27,3.109643939391998,18.638148839390706
28.0,42.8396,17.71897000000002
9.5,7.98686799999999,19.031480666666646
11.2,14.031040000239958,19.062853333359996
4.38,3.5379066666666734,18.908306666666775
1.65,3.123396333331997,18.756234533337327
1.92,1.6618649999999977,18.536278333331975
51.0,35.092800000000004,19.167620000000007
91.0,84.04594666663995,18.237560000039977
1.875,2.222492471084799,18.72664967110881
9.05,8.136658999992003,19.07412683333212
94.0,86.44710666668004,19.358106666679987
26.4,27.317066666666637,16.507181333226708
1.3,2.8555059999999974,18.905369333327936
4.4,5.556129866655998,19.249558488885356
4.3,57.330240000000046,17.63032000000021
3.21,2.884053333332001,18.905033333331996
7.4,7.277186666652005,18.739159999991983
51.5,61.61510666743994,17.992653333319993
6.7,7.710053333335988,18.992508666668034
12.9,10.857780000000012,18.858846666668043
4.0,8.314495466665328,19.285239333333298
1.53,3.0297639999986687,18.831032666678816
0.158,0.1225091999999999,18.886756399999996
13.5,18.004653333328,19.34306733332799
44.95,61.830066666680096,21.057984000000253
6.8,6.034341333333336,18.776902000001332
7.21,6.3422519999999984,18.943237333332004
12.4,17.11075333340002,18.444392380990656
0.75,1.9179891809480016,18.823277466664017
1.36,2.4132250000020092,19.07486566666868
4.0,3.514729999995999,18.934927523824005
5.07,6.181640000000008,19.049562666616
2.75,14.741424444444466,17.60213396826599
0.86,0.9972000000000021,18.74400999998665
8.15,7.735613333331988,19.01172761904798
71.8,83.92042666719999,19.502833333320027
4.7,16.72019,19.84335
12.7,6.022889666667996,18.863932199995958
9.7,10.004240000000012,19.01035733333342
44.1,38.78093,18.187019999999976
53.5,61.97160000000009,18.950299999999984
15.4,18.06793999928001,19.221753333319967
81.0,20.681399999999993,18.794178066666635
28.0,24.96078285715486,18.58855904761772
5.0,5.87822841270667,19.404191555562765
80.6,78.2660000000001,20.103037778160058
46.0,64.30979999999998,19.1402
1.25,1.8288691111106656,18.854635777778
0.162,0.1939999999999996,18.863261866668033
0.210166667,2.6338146666520026,18.92244148569998
86.3,78.61080000000005,17.895199999999974
85.9,86.25653999999996,19.41030333333201
10.2,9.882181333223993,18.437004000011996
22.0,13.782539000012004,20.23905325477338
0.032,0.044674400000000024,18.869615373332
9.85,8.937440000019983,19.071158857152003
36.0,31.125417619024002,19.913627142823973
0.92,2.0760159999719994,18.97449133333733
0.06,0.07413549499599993,18.886077624996034
5.8,5.811775999999997,18.942498000000036
91.65,86.02466666667983,22.10342666667991
41.3,42.48260000000004,21.50160000000001
7.7,6.696381333343996,19.012581333328097
33.0,32.372540000000015,19.69592666666668
24.0,19.735780031750682,17.693270507926663
1.31,3.053090799999999,18.76977480040003
6.42,5.015923333288011,18.828543333336004
1.5,11.717496666519994,18.010869999999997
12.6,16.91150000001204,19.410821333358683
11.303,4.7179244667213345,18.2877171333092
33.9,25.166920000000054,19.056419999999946
19.0,18.623053333333374,18.978386666666747
4.5,5.721690333342664,19.417270600014668
14.5,14.760413333333354,18.82013333333331
5.6,5.8360564705919895,19.198815518208
4.448,6.916122111089339,19.063565563493352
26.5,24.688520000000025,21.362859999999888
14.5,24.26068000000002,21.321039999999957
44.3,59.20057000000003,18.80576999999991
83.0,82.07327999999981,18.098066666679912
1.03,2.107960000000005,18.65312000000001
39.8,47.60066666663999,19.69053999996011
92.0,62.41683333333603,22.31460586668406
7.3,26.23339999999994,18.712153333320032
15.0,32.2108,20.12318666666665
2.786666667,3.708627325038,18.759864436098013
1.7,2.5954640952380954,19.047592095238116
8.7,10.269299999999998,19.202690000013362
19.8,17.461093333348018,19.12199333334801
25.7,33.127799999999915,19.28463133326664
14.048,9.92776333333332,19.564620666666652
8.1,8.441320000000013,19.126176666680152
31.6,28.019109999999998,19.397051975122654
7.53,7.890818666667988,18.96187599999994
0.16,0.2400187999999993,18.902667
1.647,1.891022400000005,18.827129199999966
0.85,1.5728266666679978,18.881258666671997
4.51,3.7791546666640037,19.05431399986404
70.0,72.67360000000001,18.699599999999975
19.0,22.65506666666667,19.15743523809464
1.68,1.701011692303996,18.912509538463993
42.8,23.942839504754655,18.466235695218653
92.0,65.9944,21.200200000000002
14.6,15.994606666666703,18.895000667066714
0.955,1.0511319999999988,18.877090952384034
49.0,58.54126666666667,20.27293333333332
9.65,6.964440000003997,19.071053333336003
38.0,52.46860000000001,19.106814666664064
1.46,3.107900000000007,18.995308000000012
81.3,71.07034666667991,19.917586666679895
2.358,1.7711259999999982,18.98100066666799
34.0,51.04939999999996,20.757233333319995
82.0,47.886400000000016,26.915199999999977
1.7,2.8046633333333273,19.06324200000133
18.5,17.96684666664001,18.891839999999988
71.0,70.47643733347995,18.960546666639985
17.45,4.447707333337335,19.19788797859731
75.0,70.14882666668001,19.48732133320003
5.0,8.079919999999996,18.641659999971978
6.68,5.475998666663996,18.894229333331978
56.1,51.12106666667999,18.660800000040133
11.55,11.807779999999985,18.951579999982645
24.0,30.324399999999944,17.263306666664025
18.0,20.772633333319998,18.7542466666533
6.415,5.963715333335995,19.256698000002654
1.22,1.4609879999999993,18.88974799999999
1.2,2.0089039999959986,18.645685333732033
2.35,3.197994133356003,18.841996800000125
1.0,2.860687085780005,18.287036999983982
90.8,89.43840000000007,19.37012000000003
80.5,75.8715333333333,18.296693333333366
1.36,1.395816133328002,18.85320186665999
71.0,49.48519999999999,18.535799999999902
33.55,35.39629454552001,18.764854545440045
6.76,6.255478666668004,18.82110290908994
4.1,4.426400000000006,18.967060000000004
4.0,4.644494000000004,18.794634000000002
92.8,82.85103999999998,19.078011428560117
83.79,67.92759999999997,19.910207618955937
91.3,84.41832000000005,21.154160000000076
78.0,52.0084,19.58475333332001
32.0,29.56440000000004,19.992959999999922
13.8,12.237997272726663,19.005937272793318
4.5,2.6030670476320013,18.684003200008014
13.3,17.28368666660002,20.010739999960016
0.478,0.6432693331040006,18.804553333720033
17.6,20.100555333332,21.13609266670411
10.2,14.598049999999992,17.91510000000001
3.3,2.1703599999973346,18.996573333197375
76.0,70.99354000000001,17.90200000000003
1.2,5.643479000004008,19.429711666671995
13.9,13.874981333680022,19.359903333440045
8.3,8.487680000215969,19.429715308682624
5.7,6.7545133333479885,18.880519999996103
2.52,3.5328093333333355,19.200119333333415
41.5,52.12126666668002,19.0027033333467
13.1,11.994199999999976,19.18643666668015
15.89,14.248973333333339,18.650913333333364
6.866666667,5.853140000000001,18.966798066666666
6.0,7.231378666674661,18.85051733325471
18.3,17.576039999999985,18.92164666666668
0.37,1.0438316727279966,18.618402952366647
1.815,2.2567656666680036,19.012719057144
11.05,11.67047272724002,19.004781818160097
45.6,40.06249142857146,19.079778095238183
91.8,91.13047999999995,18.862460000000013
1.705,2.107808666667998,19.036466666680145
37.5,37.8014,20.387199999999964
3.76,3.822822423536008,18.898347066664023
48.6,49.088600000000014,17.542149999999978
33.0,34.30759999999999,20.829157333333317
32.0,56.417999999999985,23.634824761839866
4.28,5.71406,18.83886666666136
24.9,26.37399999999999,17.758400000000034
7.8,11.3966351948052,19.325715194805085
6.0,5.077739999999993,19.034299999836016
91.0,85.086,20.79780000000001
31.4,32.54983999998666,20.361993333319965
16.0,27.493538666679996,19.40785600002667
4.45,5.365496078432005,18.829329411751985
13.0,17.447950000120006,19.188298571519972
1.55,2.0919760000000065,18.795575999999997
2.6,2.998019999997327,18.96870999999729
13.45,12.117293333332777,18.9677733333328
5.05,4.025842007851999,18.87943566275615
38.0,35.23976242432005,19.573460000080004
45.2,50.81219999999995,18.292200000000065
1.81,5.058936666668013,19.07687873333467
76.0,35.15228666666665,22.0732666666666
80.0,68.01306666756005,22.869100000160003
3.9,3.885719999999993,18.857738000000023
2.53,2.5781799999999886,18.948008666668038
6.3,5.068870666667986,19.73204666666801
5.74,5.84179275387134,18.811680087163296
0.175,0.1957040000000003,18.863066000000032
3.9,2.3308733333439977,18.737553866667973
2.5,3.5854933333360024,19.104842190480003
83.0,64.31579999999997,18.57923999999999
5.4,7.208012647058427,18.514899312965042
40.0,40.34624666668,19.03974380951999
4.6,5.822810666667995,18.913234000404035
14.1,13.609846666672023,20.253547999444116
4.3,4.691881333348005,17.560033333333326
1.24,2.2237077778093335,18.82236044444801
92.0,72.08648153874,26.91892809456006
0.48,2.4257654509826687,18.960763006538624
3.85,3.813843733331999,18.677430399999974
55.0,40.262333333360004,19.114079047630668
3.0,17.275999999952003,18.796420000004044
6.7,6.408081333326018,18.82453688890434
6.92,1.8164291466679992,18.696279280000034
3.726,3.717029270608,18.870072164704034
0.936,1.1416967333279981,18.907240733344015
66.0,58.72299999999994,18.176559999999924
21.4,18.599468571439992,19.541207142868092
17.8,41.97594285716,17.029542857159996
28.0,55.092066666680005,15.851466666680025
8.28,3.353182121200003,19.22656480691865
11.32,10.395066666690656,19.00216666667466
7.0,8.299290000000003,18.88466866668
81.0,66.07320000000009,19.158186666680024
7.0,6.989226666663979,19.099386666664017
31.5,23.776820000000043,20.218269047553743
15.7,19.13417333332003,19.11020000004004
0.37,4.769982476231997,18.895775866682598
19.2,18.760773333333326,19.067551428584753
1.15,1.5871000000000048,18.739302666668017
57.7,59.849599999999946,18.392429999999983
4.64,3.8979062857119944,19.049317054944026
77.0,50.803360000000005,22.128989333319982
3.45,3.167676412124,18.999418287444012
30.0,44.59846666667999,20.187886666720004
4.28,3.7517862857119963,18.99845933333203
2.34,2.040876872728002,19.045499999999976
1.5175,1.5219733333359933,18.834116
74.0,73.38255999999998,22.075226666666616
15.0,16.657640000011998,18.421819999984013
0.0111,0.02756479999999996,18.868901373331997
54.2,38.47682444444002,19.2985022222
102.0,20.130158666668006,16.96897466666797
3.27,8.715275443954098,19.778499572052763
89.7,80.36886666668002,21.09781999999999
0.64,1.0802741200040002,19.00158562666797
25.1,25.85480000000006,17.57299999999999
2.64,3.7226020235520125,18.909006690218657
22.0,32.52293000000005,17.75501000000001
4.52,4.702434666666668,18.939727999962667
5.4,11.486019999999984,19.93717999999999
15.0,16.01726666668,18.415846666679997
5.76,8.590773333360001,19.53961999946409
3.59,3.5128839999999992,18.957102666666646
9.8,10.893653333332788,18.970733333332806
21.05,19.707806666480018,19.089860000280126
50.0,53.75364,19.84197333332
2.9,4.116943580969336,19.084581736813334
5.66,5.4347800000013375,18.87462000000127
2.0,2.271480000000002,18.961096666666656
55.0,36.360600000000005,20.151805333320006
18.0,17.481519999999982,19.03506000000002
6.8,6.896159999999988,18.49223999999996
1.3,4.760106666693331,18.885479999997436
8.74,7.675308166656003,19.01887483332401
91.0,90.54596000000024,20.176371111080186
3.0,3.9088313333319986,18.662369999998628
6.8,4.621713809524,18.822282582856
37.0,31.172193333333333,20.311393333373267
41.0,65.9196,28.241860000000017
2.1,4.103706378172004,18.807878188582034
4.9,5.365496078432005,18.829329411751985
5.4,4.508607142851997,19.406682876199937
26.0,22.479222,18.211522000000006
15.3,14.08284266667997,19.199189333200025
74.0,75.23459999999997,19.501773333319946
18.2,17.24697800000269,19.382888000002655
0.095,0.19486046666800017,18.87857306666802
4.7,4.397735999999995,19.10183295239402
8.5,9.906158571398564,18.298156666778567
28.92,26.948239999999977,20.44479999999981
11.3,11.68504666664135,18.905788199045368
50.0,39.76120000000001,19.178091428572028
25.0,23.53837333338398,19.282558000064117
0.69,3.9648929156080013,18.19533058227603
5.6,5.853024999992001,18.834695000002665
3.9,2.300727819023999,18.821061952388142
1.6125,2.142960000000004,18.585770666667976
2.58,3.2925199999999917,18.864046066666656
3.9,6.064462277769469,19.0483883015996
3.933333333,3.064622051330668,18.73354397511465
41.2,58.594066666679986,18.550461904719974
3.7,3.744320000000002,18.968540000000004
88.0,77.96210000000002,19.72042000000002
8.63,8.592261999999982,19.11926199999999
33.0,46.14368999999999,17.891090000000062
3.5,10.474850000000007,19.39171666666796
10.0,7.631549444426666,19.030547777773315
0.175,4.371362476186005,19.57316052727842
1.3,3.7247000570453346,18.947025332578633
32.6,49.15116000144008,19.534973333240007
8.77,7.665622666679983,19.411454666679997
7.95,7.388820571428004,18.912487371428
14.38,13.663713333333321,19.48422580949717
54.0,55.28669999999999,17.61869999999999
29.5,22.554224762439986,19.71117504788002
86.25,84.76696000015973,18.68476000016011
12.4,12.58066666667998,19.057306666640024
67.5,66.82762666667993,18.62886666668001
4.7,7.260586428503995,18.586978142836003
3.4,5.262036666663997,19.32021733332801
5.03,4.928741818180009,19.094362486584014
10.1,10.178886666663978,19.26292133333331
12.5,10.88927599999998,18.85087600000001
10.2,10.543286666666694,18.919453333346667
28.1,24.651199999999992,19.508280000000028
56.0,48.10182666668,18.288426666680103
14.0,13.78936190477335,18.76381523812001
46.0,49.57787111188008,20.025554444239987
0.78,2.3633446666639992,18.701704666663982
73.0,54.28533,19.436400000000006
16.5,15.26014000000001,18.888153809559967
0.32,1.395372666812002,18.78448866664401
5.37,5.2301899999999995,18.92676633333334
57.5,62.747399999999985,19.646120000000032
1.675,4.050919715762668,18.887366401477333
19.5,15.607879999999989,18.776699999999998
15.0,30.524553333120004,19.687713333119977
3.1,7.533232190463996,19.415403619039978
14.0,12.823474285739064,18.737036380965705
4.44,4.521968000000006,19.18320599998266
57.9,62.70727999999995,16.27854666666652
70.4,65.16810000000001,19.019786666666633
62.0,68.26459999999997,18.152999999999963
75.455,77.70271999999997,18.83487809537997
14.0,13.79606666666799,18.824106666668115
14.0,15.069046666666674,19.192146666667973
7.233333333,6.808479999911999,18.79974133335868
0.67,0.711682857135998,18.902555142852034
21.0,23.05185,18.484886666679905
81.0,78.99769999999995,19.606060000000006
4.3,6.117306666671996,18.850149999998653
110.0,104.5484,19.960159999999973
64.8,64.25067999999999,19.848939999999992
0.569,0.667818199996,18.680265977779996
6.155,9.183099999999994,18.687440000000013
2.27,2.0904270000000023,18.938721000000008
89.1,69.79246666668001,18.750566666680022
30.0,28.408483333333333,19.509843333333315
7.13,4.70003041269867,18.80490847936533
6.4,5.775987999999997,18.784052000000003
21.9,25.09032380895998,19.506710476239995
82.0,75.46,22.031799999999876
2.2,3.6185899999999984,18.962966190476187
10.0,8.568695016951326,19.00068847291019
14.2,13.430239999999962,19.421941333331954
51.6,65.81469999999996,16.387500000000017
0.6,2.806631555557336,18.89403422222533
5.32,5.048412222221333,18.896337698425157
78.0,69.24586666667999,22.948100000000046
7.0,6.700799999979999,18.98913333334535
14.9,11.304739999199995,19.408435999148004
4.77,4.7197615584480035,18.12879950688804
3.7,4.2617140000000155,18.848850000000013
9.58,6.276346666667989,18.846163333331965
92.0,75.62096000000007,20.70587333328001
28.0,59.4844,17.70989999999999
40.0,38.26657666668,19.749776666679992
8.7,2.1279819999999976,18.734110242423974
43.8,37.73116666660008,18.180597777791938
0.35,3.7775318095220007,19.245525476134
2.8,3.0873866666639924,18.730771666665326
3.65,4.6513333333640015,18.876179999962652
55.28,53.60080000000003,20.27041333320009
75.0,77.3828,20.793039999999863
75.0,71.86727999999997,19.965639999999958
3.0,3.6755300000000073,18.849349999999998
30.2,24.49096666668006,19.122946666680043
2.71,7.240779999985338,19.39734599998534
15.2,14.895773333333342,19.48598666666667
58.0,52.337435166666,23.264423166666
2.77,2.67121333333333,18.984244952380955
5.72,5.409386666668016,18.943036666667936
8.05,8.27348571428398,19.089333809540147
6.15,5.9893066664680275,19.01789533333604
12.0,14.975199999999997,18.25423999999999
34.5,34.43100000003998,19.050333333279966
3.478,3.839756000000008,18.953599000024045
53.0,51.67660000000001,19.406960000000005
7.7,4.926332514296002,19.77815965713866
70.0,57.48399999999999,17.155026666880005
77.0,68.13843733328002,19.2507706666401
6.3,6.242354603104669,18.953191492088937
32.0,26.845600000000005,18.908986665906635
4.9,4.5503468887467315,19.223324222217908
9.93,9.628037333333344,18.969729333333333
3.3,4.1499013333359995,19.18189247618802
0.106,1.7860128888866698,19.358808088888626
3.005,3.002263333332002,18.79802568928403
41.1,27.219561333240076,20.769755179480015
0.155,2.2820600000040043,19.138120666752034
7.2,4.639390666667999,19.37612266666412
37.7,36.28145333332,18.813159999879986
84.0,97.1199999999997,24.856383333299647
1.0,1.700506666668002,18.645113333336
2.0,24.89716142862002,17.645669999980004
88.0,72.3904,21.661040000000114
11.0,13.673079999972002,18.59100019999201
72.2,81.0582,20.851879999999852
7.175,5.557826666667998,19.183330666668
89.6,85.11319999999992,22.178847999999967
15.0,19.685200000000002,18.447619999879976
12.4,12.509150000000036,18.87308666666666
1.8,2.4343660000000003,18.76451885709562
93.2,91.2762,19.751400000000032
79.2,79.03082666671975,18.47860799988007
91.7,85.01700000000015,25.85447333392021
1.04,2.943791702848,18.981209417135787
3.56,4.216066285716007,18.834106285716015
7.97,8.339509333333341,18.88481333333332
20.0,21.327983333320052,19.36220666672003
6.9,8.207559999999976,18.90468
35.0,40.85620000000001,19.23196047619201
12.0,12.803680000171983,19.180086666819953
55.25,59.50125714404002,18.103923809280033
88.0,89.13291999999996,19.004040000000003
19.1,15.437937142884012,18.654234095320042
13.9,10.06375999999998,18.132153333319977
49.0,49.02160000000001,20.149699999999978
24.2,25.812976666639965,19.196636190479968
10.8,6.969453333320008,18.820633333720036
11.3,12.55188833324666,18.87082088891998
11.2,11.141222222222243,19.345110222222228
7.3,9.237895000013323,18.852419733346657
14.4,20.420799999999996,17.92799999999998
11.2,15.946730952388037,17.050050952397335
1.9,2.174716666663999,18.892264666536043
2.15,14.004743809360022,19.827103809508024
28.6,23.938266666680068,19.323866666680004
10.5,12.27518,19.280620000000003
13.7,13.177738000013308,19.072763333333334
24.5,21.01251999999999,17.43962000000002
17.4,17.189960000000017,18.87888000000002
26.0,71.88370952519998,19.66828714354665
14.4,14.057373333333347,18.848693333332008
3.0,2.907647999999992,18.858388000000005
3.055,3.327221276196002,18.928187308284045
36.0,18.735400000000052,16.507880000000135
0.668,1.2268452000000047,18.822973009559977
93.4,92.49439999999994,19.317559999999943
1.02,1.1512100000000016,18.827570000000126
3.67,4.149519619047994,18.957177904761995
9.6,7.4788813333333355,19.368667666666678
115.0,95.93039999999999,21.547999999999817
58.0,61.90559999999998,21.277999999999942
12.2,28.55407866663998,19.120565333320016
3.85,3.5229600000160084,18.930761333327936
62.3,78.12824,17.917706666760047
5.6,2.0712352307666677,18.797666627586683
14.7,14.105760304788008,20.852021019034673
78.0,95.50340000000014,19.851679999999973
33.1,22.989600000000014,21.089419999999947
6.0,11.429266667000002,19.492513333239977
6.1,6.247159999999995,18.840613333332005
0.85,2.1486619999960004,18.781453689374658
102.0,116.16260000000001,19.554850000000116
4.7,9.365219047617334,18.986870476177316
0.046,0.12369236322399994,18.872947190011995
6.8,6.9276639047039925,19.76761396530798
26.15,25.38266666667992,19.929474358959972
4.9,17.11113824445778,19.089419158743397
88.0,81.95770666668,19.644476190440045
2.7,4.972827238103998,19.304272857112
28.0,24.4186,16.995476000000018
6.26,5.556739047615998,18.89256238094798
55.5,53.46920000000001,18.68690000000003
47.0,56.60749999999997,20.91770000000001
3.83,3.936496615379993,18.17027999999596
0.9,2.1436835999959998,18.807316933340008
15.7,15.603493334651954,20.05557523853192
9.62,8.573646666563976,18.998601333204043
26.0,22.70249333332001,18.368240000000085
0.628,0.8367596848480002,18.675607558795992
0.001,13.272958095292,18.659263809536
1.49,2.1811059999999998,19.024067999999964
2.55,2.9466833333320013,19.011636666661325
5.8,5.422815578463993,19.41465091174262
1.38,8.144214550504005,19.26608737963266
16.6,16.230203810373318,19.26076171466666
15.8,11.444359999959975,18.93592190475996
81.0,87.0643200000001,22.76680666652004
67.0,67.44726,21.81983333330801
6.19,5.277733333333328,18.85370466666532
0.79,3.456424642840716,18.769589176174044
4.13,4.4537680000000135,17.525195999995972
2.97,3.1387200000040014,18.825502000000036
40.6,29.85781999999993,19.595880857155965
34.0,27.67941333333333,19.241173333333354
84.0,72.94686666667997,19.698923809537135
11.3,10.257806666680002,19.188526666679984
7.92,7.582987666666654,19.015827666666667
78.0,74.94980000000001,19.385600000000004
8.7,8.468300000011986,19.136393333344024
3.82,4.927554000001322,19.210086666681327
34.0,33.544000000000004,19.95746666666667
14.9,14.222248000360032,19.46600323811996
1.7,0.11301333333199953,18.877388666676033
51.7,48.50779999999998,18.983800000000045
3.5,5.037383333330663,18.43097766663731
11.4,10.133006666666006,19.089326666666082
11.7,8.504960666683997,19.562682015168043
45.4,30.57251999999997,20.114938666680043
2.15,3.91071066666534,18.797209999997335
51.0,64.272,18.70622000000003
14.3,13.980065000000012,18.723065000000005
50.0,63.493840000000006,15.555200000000056
107.0,114.21620000000001,21.403300000000044
8.7,12.548486666640006,19.25621999995998
0.1075,1.0365799999960037,18.648536714281338
4.23,3.958124,18.914189066666673
33.0,26.982400000000002,19.07840000000002
4.7,5.00296666666666,18.76939933333157
25.0,20.64625857144003,19.165518571439986
14.7,11.647939272727973,19.136005606059967
3.0,3.0098399999999934,18.89618800000003
34.0,25.813483809319994,20.569163809560063
31.0,30.313400000000037,17.134400000000106
4.25,2.391017333336001,18.696455333336104
9.1,5.887426666667997,19.176872000011993
39.2,38.27979999999997,17.99494095230263
1.42,1.4365328000000028,18.79295360000002
72.5,72.23240000000001,20.096693333320047
1.63,2.729606666665333,18.915507999985312
19.0,47.366800000000005,16.78650000000002
3.5275,7.05048119999997,18.982589199999993
91.7,55.817000000000036,19.272840000000016
83.0,80.87345,21.635049999999957
6.43,6.518856000000008,18.828456000000095
16.3,34.23892,17.664799999999985
8.3,8.362729999999988,19.45286999999997
9.2,7.458325948716016,18.968274948716125
0.48,2.204894666665332,19.079609999926706
8.031,6.711142597396016,18.942118354962652
1.425,2.2695600000020058,18.851387619045976
31.4,40.39852000000007,19.90548000000005
1.27,2.2982681332959993,19.27083813332534
5.2,5.567559333332009,19.136306666666705
30.0,36.01268,16.524333333333352
23.655,18.538620000000005,18.97774857142798
8.8,5.558956799999988,19.119417890911997
2.8,5.480896799999989,19.067877890911994
1.4,1.9879173333386666,18.72713200000403
0.0125,0.9146462300040005,18.89943190986804
7.8,8.484292666678668,18.82748942857868
18.12,17.06081285714689,19.344809523853552
2.6,2.841684800000002,18.811575466679994
2.8,9.111347102553333,17.46202608741733
2.38,4.677094476192005,19.031989855688018
25.0,21.005445238080014,18.383864523828006
33.8,42.138799999999975,16.850600000039904
17.8,18.01352999999999,18.813556666666667
3.2,2.6631285599999996,18.653069226671924
4.335,4.163500000000005,19.062097333332012
72.5,81.76726666667989,21.45198857139944
81.0,84.10580666672003,18.47412666666665
0.69,1.6216253333600006,18.891406714270964
1.1,2.6855325230880056,18.704036933328002
16.12,15.840020000529517,19.3002190481335
70.0,79.89327999999996,18.45437999995997
3.8,3.6983970666660015,18.859743733334
1.4,1.4542336666639972,18.85868599999999
9.41,10.491695999999989,18.846969333320008
15.1,11.60530666667999,19.065373333320018
18.0,17.56537714285711,18.982040476190438
9.3,7.025129999998666,19.067716666678677
8.8,6.278042800004004,18.903588533336084
91.1,81.50839999999998,19.118799999999958
12.2,13.241293611106654,19.218367777773302
1.71,1.8836029999999944,18.787205266666664
1.95,3.2569668498160045,18.979748380828042
53.0,56.6732,14.717900000000007
2.31,2.847740000000008,19.006490000000014
75.0,49.91500999999999,21.62343999999998
34.6,43.07219999999999,20.356959999999937
93.8,92.29019999999996,19.394520000000043
9.4,9.458059999999998,19.069006
22.3,20.267930000719947,19.992974284799917
73.0,76.31536,21.390520000000052
2.28,2.545226666672002,18.77744866667198
68.8,69.0775199999599,17.49809599999999
4.68,4.993259999999996,19.215173333347927
3.75,3.8764256705920066,18.918726737256023
89.1,42.032799999999945,22.607983333299885
71.5,64.3564,20.540523333331997
10.1,9.984099999999987,19.22413333333997
7.2,13.558839999999984,18.93285999999999
12.7,12.238309333333335,19.14744866663997
48.0,46.038266666679995,19.434693333360002
2.4,4.311077619052003,18.877665685719993
12.8,11.22347999999999,18.905639999999995
64.0,66.00846333334667,19.865670000013317
3.8,1.9600257619040002,19.083043761904086
13.5,10.335599999999998,19.14231466666662
1.0,1.8667727999946675,18.743091466662673
21.0,41.303,18.74948
21.8,19.854975238108004,19.364035238107917
10.0,52.799013333360016,18.21381809519992
80.0,74.25160000000001,18.41177333666669
0.73,0.6558093999999991,18.866011000000004
5.11,4.823156587283369,18.832078253863354
4.88,6.275310787876006,19.529654406923914
3.28,2.1648450266739996,19.02281995999803
0.085,1.703783999999998,18.913605733335974
5.05,5.939423999984004,18.982523619048123
7.025,6.89159199999999,18.968027999986646
0.76,2.8839552476180024,18.658515914290017
3.4,3.2223843999999953,18.814974666668
3.3,3.194660000000004,18.736499999999996
55.0,48.848099999999995,16.709620000000037
33.0,52.28095619052002,18.159887735919988
2.39,2.4204813777813263,19.04583744127266
16.4,14.966366666668034,20.23133666666802
2.58,2.9545620000000015,18.917113999986647
3.48,3.8489299999999957,18.707950000400032
3.5,3.3883466666700013,19.09461631110601
1.1,2.0547377026786684,18.888294492369226
79.9,70.22240000000006,17.98329999999993
0.27,0.309424,18.830499798332
88.9,88.14744000000006,20.585653333320096
6.0,4.652373703045335,19.579408806093348
2.23,1.921752666666668,18.87015343589867
6.463333333,5.121594666667994,19.000882666663976
29.1,27.68832666662393,20.568396190551926
2.25,3.3317639999999957,18.807697333336005
2.07,2.643223266671807,18.743806409518474
91.25,84.69093333331995,20.622079999799993
0.07,0.7935640000000007,18.704938000000006
3.5,3.5251916190479977,18.932811619047996
1.7,6.614834000011993,18.99181871795999
12.0,13.438806666664005,19.435666666668016
2.9,4.323397333333328,19.099189866665338
91.0,95.39540000000001,23.132800000000046
9.6,10.671379999999994,18.47195999999999
0.138,0.6766686400000009,18.684772133332125
10.2,9.968355999999995,19.03013266666403
29.2,30.60424761901196,19.253747619012017
36.5,25.75051999999999,20.99635933333332
2.5,7.231389333331999,20.005113866666647
0.955,0.8192702857039983,18.91998000040003
2.05,1.9981480000000025,18.72918333335198
74.0,66.9456,20.166600000000066
8.56,8.377960000000005,18.86952000000003
2.75,4.841688640710664,18.36319375846356
4.3,4.041420666667996,18.911699666667978
29.0,11.740552381007998,19.19751857134774
90.4,81.91799999999978,24.79691999999993
3.51,4.169744214278,19.122079347614015
5.18,4.312784000000005,19.192278666760036
5.34,4.448997333331996,18.885862666663932
31.0,48.80319999999999,16.609722000000033
3.73,3.6010186666679993,18.32767866666267
40.0,45.998000000000076,17.498699999999964
26.0,20.38853333333333,17.94903580950666
3.48,3.755200000000002,18.89794566666667
13.3,18.411799999999985,19.25633999999994
3.5,3.677307999999998,19.015747999999935
38.6,32.62136000004002,19.959963333359976
1.635,2.7157616000000044,18.930189333736035
3.35,3.1569266666680034,18.963823333334656
20.0,8.819141757576,18.54328699999997
15.9,23.384359999920058,19.12692190478802
1.18,2.5668753519799994,19.423797230772
9.5,10.484799999999998,18.90662666666789
32.8,29.16120047615998,19.08024714288263
57.0,59.0688,20.758879999999955
32.0,30.9916,19.115159999999996
3.8,3.0213243333359996,19.000287082352024
3.57,3.7617225575799966,19.011141305627998
7.84,6.979059999999992,18.933754666526724
4.1,2.972113333347999,18.988880000014653
130.3,128.14639999999991,23.90235999999966
3.7,3.425977999996004,18.84644200001997
13.0,15.136946666679961,19.12768666669333
11.5,15.731039999999956,18.948113333320002
0.465,3.5446608888840134,19.06294747938001
40.45,35.283000000000065,21.73198666668
5.9,5.724028000011998,19.276668200006007
73.0,74.5484,20.501440000000116
9.96,8.61633142857202,19.714423333333336
0.755,2.0033593333279986,18.966369111104452
5.52,5.730820000000011,18.806360000000126
0.167,0.18070000006799952,18.891625666532036
1.56,1.7199536666680002,18.77824626666666
5.97,8.436500000000004,18.468613333320015
5.6,3.627911133321998,19.30690724180065
1.69,1.7630873846080044,18.888901589738655
81.0,76.77780000000003,20.35378247616002
2.1,3.589152133386006,18.856777466611344
77.5,73.39839999999992,19.255739999999918
73.0,76.48538,20.56699999999998
3.5,5.523985968966673,19.004905413933255
20.0,25.965119999999928,19.742599999999996
11.0,22.050804000001346,19.598842666653344
18.05,17.263760000000023,19.088729999999998
59.0,51.81180000000001,15.30020000000004
2.5,2.621348,18.76623466666401
21.0,35.28850666664,20.066632000040002
8.41,8.679446500000001,18.92813549999994
8.2,9.145200000000015,18.881319999999995
2.53,2.702068424255996,19.047281424243998
4.71,3.120785714286007,18.74963904761801
26.9,35.31551111141198,18.575111111412042
6.0,6.443568282051994,19.067258209558645
85.5,88.28516666719999,19.459046667200013
77.0,70.55754000000002,20.78910666668
2.9,3.8626587451240035,18.774340522890018
9.7,10.114079999999996,18.887879999999964
33.5,26.139533333359985,21.217999999920014
5.4,6.275560000001326,18.96918000000135
4.51,7.044113333346663,19.104398039232258
0.035,0.4322172000466676,19.088636266666793
41.0,41.837199999999996,19.635559999999955
24.0,23.728400000000004,19.51979999999998
16.4,14.62403666666804,20.203720952384057
0.59,0.5072132533400014,18.93493445332399
2.3,5.81725333333599,19.44396733333598
1.12,5.90893875728133,19.200677090577326
6.2,6.402480000000024,18.552192641802655
11.23333333,6.470064761904,19.132730285696
1.95,2.2067883333346714,18.79797166666934
38.0,20.016358761904005,17.740214146519953
9.09,9.360443466667995,19.074206133332098
1.25,2.2645258666533348,19.021556266681337
10.0,9.710120000000002,19.152626666680035
0.71,2.9298074285639975,18.915223682583978
18.365,12.561480000000035,19.314319999999984
7.214,7.129480399999988,18.899360399986634
5.85,5.515956117648005,18.912589385183992
0.543333333,3.4380866666426666,19.096259733306713
1.5,7.191343333290013,18.349803365175678
0.38,0.36220820166800033,18.828170667068033
8.9,7.958146666684001,19.04282666665999
1.9,1.6410653333240006,18.915118133384127
58.5,61.71519999999998,17.554919999999925
8.5,8.235691111083327,18.52833999986463
29.0,54.90799999999999,18.841500000000003
1.275,2.940529948716001,18.623285948715967
3.1,5.571529333333332,18.787519333330643
0.9,4.225002000005337,18.973998460621008
10.4,12.82406523810667,18.88108333334666
66.1,70.41700000000004,19.93090112378384
74.6,61.63216000000006,18.635880000000014
30.7,28.626152383280115,19.586638095560065
11.9,11.277640000000012,19.24764333333202
61.0,59.00152666668001,20.023486666679965
11.6,10.135319999999984,18.19563620951798
3.8,3.6671499999999937,18.921686666676017
0.069,0.07301486832800005,18.886775135000033
8.77,7.128459999999995,19.235152000000085
4.5,4.5911061142840035,18.713132781352034
5.3525,5.887070616013337,19.654192717657352
1.6,2.5425679999959963,18.70689466666401
12.3,12.35728,19.642400000000002
35.0,33.2016799977601,18.59343636367999
25.6,25.530986666666625,18.50901333333329
12.8,14.56776333332,18.734406666639984
9.96,9.490357111111113,18.831244444457788
26.2,35.903200000000055,18.866056666656007
14.8,13.56271333332001,18.705079999999885
30.5,24.73441714288,18.611838476200177
48.0,39.894,15.954773333320013
11.0,13.128890666665333,19.31436399986538
2.7,2.1685036242399995,18.917523557560123
19.0,25.521466666679967,19.467224000013314
9.42,5.871502133339996,18.773593199943996
19.9,17.792806153840008,18.702446153840004
27.6,26.96096,19.091592000000034
13.0,13.75912000000002,19.132254666760026
15.6,14.614933333348011,18.79121000002815
34.0,28.137053333333338,19.7013333333333
0.92,1.338435999999998,18.828834285716017
2.33,2.8491679999999984,18.969648000000003
2.6,2.9434771111240012,18.86684325401798
8.7,5.995239714286676,18.997552857140956
1.652222222,1.554763963316003,18.90039035162801
5.8,17.35180476191334,19.12995409524125
12.0,10.348553333332797,18.76871333333279
0.13,0.4427792888880008,18.90155328928803
1.2,1.848593333331998,18.88392999999999
37.0,33.76414,21.59409809521203
0.87,0.8717813333439982,18.829205999996102
13.3,12.434060000560002,18.65592666644
21.0,46.984399999999994,17.323299999999996
32.0,30.808719999999983,20.91566285712007
15.3,16.084386668400054,19.489905333400024
11.59,14.035226666667976,18.606440000000003
1.608,1.931219999999994,18.897399999920037
2.43,2.4233199999999973,18.894162000000033
2.1,10.174559999999992,18.70024666668004
13.36666667,14.198799999999963,19.057066666679948
18.0,20.849933333400003,19.10104000004002
23.9,23.13396000000001,17.93613806666664
8.76,8.38189600000001,18.904802666666665
6.021666667,5.269706222217989,18.833883047621683
9.116666667,7.437089999999996,19.03984139999865
3.52,3.374538868333331,19.46219697777999
16.0,16.052073333333286,19.06325714285714
25.6,29.08160000000003,19.94014285780003
45.0,41.44880666668,19.815306666679966
27.0,28.3776,18.691200000000016
0.5,3.4012573333439993,18.945291333343942
0.345,0.7656131766719996,19.020939978328006
13.75,12.48084,18.86826000000002
0.556,1.0667600000000013,18.808748000000126
11.0,10.593409956705344,18.872968051953336
8.14,8.663819999999994,19.193790588236002
103.5,101.55879999999995,21.47343333331999
27.0,26.894940000000005,19.366013333360033
3.196,3.5294815246731432,19.016642658005107
8.2,10.918259999999988,18.406486666679992
19.7,18.166813333333305,19.10618999999867
5.56,5.203984380952668,19.102572952382005
3.0,16.10229666660002,18.829566666600005
83.0,76.030104,20.635582333337993
1.49,1.6673775619039917,18.87626613333865
7.55,7.361046666668017,18.89178733333466
14.9,14.688779999999959,19.08340133320001
12.2,11.093924000000005,18.794917399990656
3.0,3.3927371428480044,18.96745114285199
69.1,65.22606666668008,20.35095999997349
21.8,21.652240000000024,18.988440000000022
0.344,0.6183743220759992,18.945705231176003
6.42,5.31532333330801,19.08182999997601
6.905,6.294891999999996,18.85097200040003
1.378,1.8049210666720015,18.842106366682998
1.94,4.133206666619998,18.760159000004027
23.5,21.90491790479199,20.23694400000399
9.0,11.870726667240008,19.40867333336
3.625,3.6891844235360143,18.874157647040008
3.5,2.8541160000000034,18.757525051287995
86.45,88.32847999999996,20.519679999920044
0.33,1.7127720000039952,19.134418533336
2.2,5.524985684887996,18.970395113414654
6.35,6.493469333336,18.829035999991973
5.62,4.174763999999994,19.162414666651998
1.88,6.317468333360004,18.74325500016002
80.5,86.51338000000001,19.58877999999997
9.9,7.14675708236001,18.228299129896154
7.225,6.804006274532005,18.932486862741328
31.6,28.67080000000005,18.506799999999988
55.6,34.751599999999996,17.670620000000024
77.75,70.21454999999989,19.978897535746093
1.2,3.549299999999984,18.375717999999964
2.5,7.0492,19.388117333333316
57.0,68.43248000000006,17.32865333257334
13.1,12.092613333319973,18.855173333333994
10.2,6.2582126666819935,19.29487222222
54.8,33.60292000000004,18.095189999999995
23.0,59.57686666668007,18.365079999999978
0.038,0.136485066668,18.857114531667996
3.58,4.111860133315989,18.97827653333999
7.135,6.8924764000000005,18.83447040000002
27.0,40.93219999999999,22.126399999999997
36.0,37.071599999999926,19.904799999999973
16.2,42.299866666679904,17.95549333467997
9.7,6.96096666670001,20.132525333264013
8.58,9.588283333333335,18.848779999999998
18.2,18.107379000000055,18.894592714285746
1.6,2.2756033333333296,18.566723333333343
8.2,9.505559999999996,19.01111999999999
0.6,1.590854230768,18.90064329743599
0.65,17.705918874485327,19.860830303019984
9.73,9.492878666665343,19.019188666665336
3.26,3.6577733333319955,19.03873799999596
3.8,3.8597640000000006,18.726736066663992
15.1,14.583829333546632,19.339253333546743
63.31,53.86348,20.802317333320055
0.165,0.3931120000000002,18.831214465000016
14.4,11.510276000010656,19.62122862858608
13.6,13.564151416666686,19.044413833333284
93.4,87.35465000000003,19.074478571399965
5.4,8.454292820516,19.2972734871827
63.7,65.53035999999983,21.564542857079836
16.0,16.403263333332,19.252253333278624
1.37,3.2952422060640005,18.985950206063993
17.3,5.425762555551132,19.26037655555192
14.7,15.312960000000006,19.239759999999997
18.1,18.191843904761964,19.019395866666706
22.7,14.74225333330403,18.471026666744034
1.54,2.5699980000000022,18.999557333335986
9.3,19.58626000000005,18.90202
23.0,25.39304000000005,19.530060000000034
33.0,27.970346666600012,18.57320666664004
89.75,78.57199999999992,20.734399999999845
2.95,1.1876733333679992,18.593709798335997
2.7,2.721066666656004,18.951766666676146
5.09,4.9290435490109985,18.350215549022984
4.0,5.194279619050665,18.93800679853999
8.0,54.85329999999999,19.679500000000004
31.35,30.46853333331999,19.20967333332
40.1,64.85275999999998,22.697759999999995
4.64,6.410380000023994,18.90962000000403
76.7,63.90379999999998,17.53431999999995
5.3,2.416646920637335,18.51735028427734
2.1,3.457456666664998,18.839490333334663
6.7,4.255036000000002,19.399910666667985
7.0,17.593326666720017,19.036410666720005
19.7,19.158026666666682,18.853100000000026
75.0,76.57790666671997,19.527706666719972
5.65,4.875665333332002,18.921801333331995
4.2,4.031785999996006,18.910915199995998
3.56,4.633459999999997,19.267206666664006
54.0,46.094800000000006,24.567176000000025
3.39,4.271053333332007,19.511771000015933
2.7,3.128219999999996,18.765060000000005
80.0,76.03815999999999,19.197999999999794
47.0,35.61155281887998,20.673940512599756
44.0,34.13739999999994,20.663298666680035
36.9,32.56616333332405,19.357590476179993
14.8,16.119079999999997,19.02803999999999
43.5,36.22551281907998,20.821997777719986
11.5,11.802422666677998,19.11189066667806
2.25,3.8701368000560006,19.208144466712
78.5,75.72208666679995,19.635466666760067
13.7,13.143440000039979,19.014909333359974
0.28,2.7935911999999976,17.568512581819984
72.35,72.46260000000005,19.241260000000068
43.0,42.858000000000004,18.119740000000007
5.9,2.72974970476514,18.850130238095783
79.0,64.61731999999998,17.06185333331998
32.5,20.318099999996,19.230891333364035
7.2,12.317707952406668,20.08025376191468
3.95,4.919375999999993,19.140738
20.9,19.496679999999976,18.56544000000003
8.6,17.805843333399988,17.219003333399836
86.0,76.016,18.76219999999998
100.0,59.594520000000024,20.514820000000178
10.9,10.32249333333202,19.04183333333211
54.5,65.25163999999995,18.94897999999997
34.0,36.64162666848011,19.002306666880017
66.0,61.82,20.208399999999997
6.8,4.7917726667919975,19.37241722596
7.62,7.163200000000011,19.27248666665201
16.0,22.21904,19.528305238079966
0.0332,0.24011686666799978,18.99288026653204
4.7,18.14386910533776,19.680691044730374
8.7,10.165999999999999,18.837133333332005
35.0,27.600393333333336,19.579386666665304
8.45,8.445351714283987,18.92758926984133
36.0,34.56024,22.20114714285603
3.103333333,10.918939999972006,18.518619047587983
37.4,36.78219999999996,19.643730000012155
4.3,5.724499999999991,18.656013333332016
3.5,12.618160000000024,19.640846666694635
13.5,13.790060000000025,19.374368571399966
6.0,6.897240000000012,19.09272000000008
33.85,28.773979999999995,19.25487571431999
5.3,6.512503466666667,19.117830285712927
93.35,70.95463733332004,20.472933333319943
23.0,15.850598538459979,20.873635271766666
2.39,2.613779333332002,18.834992666665265
9.75,8.18278099999933,18.976136055556378
82.0,76.51052000000003,24.305440000039916
7.214,7.102428399999985,18.913276399999933
70.25,61.054800000000014,20.426190476159988
3.0,4.2180705618740015,18.87100407698604
2.52,2.9159680000000017,18.774140460616
6.61,5.872649757571989,18.988323090903968
9.58,8.874846666656001,19.210126666660006
29.5,32.05110000000001,18.93870000000013
36.0,30.984000000012,18.86016000041202
79.5,80.14989333332005,20.50144666652006
3.33,3.0792472857080013,18.931717285708004
1.0,2.202665333327998,18.434587999988008
10.025,10.025731383854389,19.078925161973114
2.57,2.5761707777759995,18.76329010242538
39.0,31.89865000000001,19.417391333228014
1.3,2.4318966666666677,19.287252666678814
5.77,5.505326666668006,18.958066666668003
9.2,8.451220000000015,18.830531999999987
40.0,44.598479999999995,19.634480000000003
24.0,52.023919999999976,19.243619999999922
7.268,7.213219999999995,18.90194586666666
4.17,3.6018167999999995,19.04549737139996
48.3,43.51220000000001,20.597800000000035
2.7,2.832890000000005,18.780212666665303
2.5275,5.222755809529329,18.822213773169334
81.0,75.87640000000006,19.555600000000126
0.27,0.3470682016680005,18.854328656668034
7.6,7.1678800000000065,18.988816666666654
40.0,33.58103816657199,22.07766150001199
1.945,2.7974594666799986,18.462639466678702
31.8,30.795133333319992,19.307347999936
5.0,21.12631999999999,18.781639999920046
6.76,6.686772000000022,18.911725333336136
3.05,2.6101049999999986,19.18527599999989
4.2,0.9959205599973318,18.882439451665935
66.0,66.65936,20.344973333200016
4.0,2.659096666664004,18.967483333740034
5.41,11.802148571200034,19.14560190466669
4.086666667,3.0014766666720023,18.886419333340008
0.296666667,2.4832281428439993,18.804490009505336
79.5,78.82440000043984,19.807993333999804
30.0,23.367466666666676,19.318079999999977
66.0,38.008359999999975,16.03486333319995
84.5,81.52119999999994,19.058080000000004
